Serie,Descriere,PRODUCTS
100 100 04 12,100-04-120,"CILINDRI CU SFERA SERIE P
"
100 120 04 12,120-04-120,"CILINDRI CU SFERA SERIE P
"
100 150 04 12,150-04-120,"CILINDRI CU SFERA SERIE P
"
100 172 04 12,172-04-120,"CILINDRI CU SFERA SERIE P
"
100 200 04 12,200-04-120,"CILINDRI CU SFERA SERIE P
"
100 150 07 12,150-07-120,"CILINDRI CU SFERA SERIE P
"
100 175 07 12,175-07-120,"CILINDRI CU SFERA SERIE P
"
100 210 07 12,210-07-120,"CILINDRI CU SFERA SERIE P
"
100 260 07 12,260-07-120,"CILINDRI CU SFERA SERIE P
"
100 300 07 12,300-07-120,"CILINDRI CU SFERA SERIE P
"
100 350 07 12,350-07-120,"CILINDRI CU SFERA SERIE P
"
100 100 04 18,100-04-180,"CILINDRI CU SFERA SERIE P
"
100 120 04 18,120-04-180,"CILINDRI CU SFERA SERIE P
"
100 150 04 18,150-04-180,"CILINDRI CU SFERA SERIE P
"
100 172 04 18,172-04-180,"CILINDRI CU SFERA SERIE P
"
100 200 04 18,200-04-180,"CILINDRI CU SFERA SERIE P
"
100 240 04 18,240-04-180,"CILINDRI CU SFERA SERIE P
"
100 150 06 18,150-06-180,"CILINDRI CU SFERA SERIE P
"
100 180 06 18,180-06-180,"CILINDRI CU SFERA SERIE P
"
100 222 06 18,222-06-180,"CILINDRI CU SFERA SERIE P
"
100 260 06 18,260-06-180,"CILINDRI CU SFERA SERIE P
"
100 300 06 18,300-06-180,"CILINDRI CU SFERA SERIE P
"
100 330 06 18,330-06-180,"CILINDRI CU SFERA SERIE P
"
100 360 06 18,360-06-180,"CILINDRI CU SFERA SERIE P
"
100 125 05 20,125-05-200,"CILINDRI CU SFERA SERIE P
"
100 150 05 20,150-05-200,"CILINDRI CU SFERA SERIE P
"
100 185 05 20,185-05-200,"CILINDRI CU SFERA SERIE P
"
100 215 05 20,215-05-200,"CILINDRI CU SFERA SERIE P
"
100 250 05 20,250-05-200,"CILINDRI CU SFERA SERIE P
"
100 275 05 20,275-05-200,"CILINDRI CU SFERA SERIE P
"
100 300 05 20,300-05-200,"CILINDRI CU SFERA SERIE P
"
100 100 04 22,100-04-220,"CILINDRI CU SFERA SERIE P
"
100 120 04 22,120-04-220,"CILINDRI CU SFERA SERIE P
"
100 150 04 22,150-04-220,"CILINDRI CU SFERA SERIE P
"
100 172 04 22,172-04-220,"CILINDRI CU SFERA SERIE P
"
100 200 04 22,200-04-220,"CILINDRI CU SFERA SERIE P
"
100 220 04 22,220-04-220,"CILINDRI CU SFERA SERIE P
"
100 240 04 22,240-04-220,"CILINDRI CU SFERA SERIE P
"
